m	z	S	tiempo / segundos	
2	11.870270	{ ( 6.750000, 0.070000, 1.800000 ), ( 7.540000, 8.930000, 9.660000 ) }	0.000827	
3	23.793301	{ ( 6.750000, 0.070000, 1.800000 ), ( 7.470000, 8.560000, 9.580000 ), ( 7.540000, 8.930000, 9.660000 ) }	0.000246	
4	43.434742	{ ( 6.750000, 0.070000, 1.800000 ), ( 7.470000, 8.560000, 9.580000 ), ( 7.540000, 8.930000, 9.660000 ), ( 9.990000, 4.400000, 9.760000 ) }	0.000275	
5	65.195877	{ ( 6.040000, 8.960000, 7.830000 ), ( 6.750000, 0.070000, 1.800000 ), ( 7.470000, 8.560000, 9.580000 ), ( 7.540000, 8.930000, 9.660000 ), ( 9.990000, 4.400000, 9.760000 ) }	0.000317	
