m	z	S	tiempo / segundos	
2	13.273240	{ ( 0.300000, 0.920000, 4.230000 ), ( 9.880000, 9.880000, 6.260000 ) }	0.000618	
3	27.565521	{ ( 0.300000, 0.920000, 4.230000 ), ( 8.670000, 9.580000, 4.390000 ), ( 9.880000, 9.880000, 6.260000 ) }	0.000156	
4	42.156567	{ ( 0.300000, 0.920000, 4.230000 ), ( 8.420000, 9.050000, 4.390000 ), ( 8.670000, 9.580000, 4.390000 ), ( 9.880000, 9.880000, 6.260000 ) }	0.000171	
5	67.193779	{ ( 0.300000, 0.920000, 4.230000 ), ( 6.650000, 9.450000, 1.020000 ), ( 8.420000, 9.050000, 4.390000 ), ( 8.670000, 9.580000, 4.390000 ), ( 9.880000, 9.880000, 6.260000 ) }	0.000203	
