m	z	S	tiempo / segundos	
2	11.800310	{ ( 0.650000, 3.760000, 9.070000 ), ( 9.810000, 2.050000, 1.830000 ) }	0.000328	
3	30.872660	{ ( 0.650000, 3.760000, 9.070000 ), ( 8.870000, 9.560000, 5.340000 ), ( 9.810000, 2.050000, 1.830000 ) }	0.000499	
4	56.690311	{ ( 0.650000, 3.760000, 9.070000 ), ( 0.830000, 7.060000, 3.340000 ), ( 9.600000, 2.020000, 9.000000 ), ( 9.810000, 2.050000, 1.830000 ) }	0.000837	
5	92.829742	{ ( 0.650000, 3.760000, 9.070000 ), ( 0.830000, 7.060000, 3.340000 ), ( 8.870000, 9.560000, 5.340000 ), ( 9.600000, 2.020000, 9.000000 ), ( 9.810000, 2.050000, 1.830000 ) }	0.001111	
