m	z	S	tiempo / segundos	
2	13.073737	{ ( 6.710000, 0.350000, 9.420000 ), ( 8.060000, 9.590000, 0.270000 ) }	0.000647	
3	34.290527	{ ( 1.530000, 8.090000, 9.560000 ), ( 8.060000, 9.590000, 0.270000 ), ( 8.320000, 0.470000, 8.980000 ) }	0.001132	
4	63.701958	{ ( 1.530000, 8.090000, 9.560000 ), ( 6.750000, 0.070000, 1.800000 ), ( 8.060000, 9.590000, 0.270000 ), ( 8.320000, 0.470000, 8.980000 ) }	0.001710	
5	99.592033	{ ( 1.530000, 8.090000, 9.560000 ), ( 6.750000, 0.070000, 1.800000 ), ( 7.540000, 8.930000, 9.660000 ), ( 8.060000, 9.590000, 0.270000 ), ( 8.320000, 0.470000, 8.980000 ) }	0.000975	
