m	z	S	tiempo / segundos	
2	11.800310	{ ( 0.650000, 3.760000, 9.070000 ), ( 9.810000, 2.050000, 1.830000 ) }	0.000338	
3	30.872660	{ ( 0.650000, 3.760000, 9.070000 ), ( 8.870000, 9.560000, 5.340000 ), ( 9.810000, 2.050000, 1.830000 ) }	0.000505	
4	55.576733	{ ( 0.650000, 3.760000, 9.070000 ), ( 8.870000, 9.560000, 5.340000 ), ( 9.600000, 2.020000, 9.000000 ), ( 9.810000, 2.050000, 1.830000 ) }	0.000754	
5	85.416832	{ ( 0.650000, 3.760000, 9.070000 ), ( 6.920000, 9.540000, 4.140000 ), ( 8.870000, 9.560000, 5.340000 ), ( 9.600000, 2.020000, 9.000000 ), ( 9.810000, 2.050000, 1.830000 ) }	0.001261	
