m	z	S	tiempo / segundos	
2	8.369001	{ ( 1.160000, 4.470000 ), ( 8.570000, 8.360000 ) }	0.000326	
3	21.181652	{ ( 1.160000, 4.470000 ), ( 8.570000, 8.360000 ), ( 8.670000, 3.170000 ) }	0.000499	
4	35.654892	{ ( 0.630000, 5.960000 ), ( 1.160000, 4.470000 ), ( 8.570000, 8.360000 ), ( 8.780000, 7.430000 ) }	0.000775	
5	53.545818	{ ( 0.630000, 5.960000 ), ( 1.160000, 4.470000 ), ( 6.150000, 8.590000 ), ( 8.570000, 8.360000 ), ( 8.780000, 7.430000 ) }	0.001741	
