m	z	S	tiempo / segundos	nodos generados	
2	11.657144	{ ( 2.070000, 0.270000 ), ( 9.840000, 8.960000 ) }	0.007395	0	
3	28.944302	{ ( 1.910000, 9.600000 ), ( 2.070000, 0.270000 ), ( 9.840000, 8.960000 ) }	0.042692	0	
4	52.771172	{ ( 1.910000, 9.600000 ), ( 2.070000, 0.270000 ), ( 8.000000, 1.530000 ), ( 9.840000, 8.960000 ) }	0.460722	213	
5	80.910240	{ ( 0.650000, 3.260000 ), ( 1.910000, 9.600000 ), ( 2.070000, 0.270000 ), ( 8.000000, 1.530000 ), ( 9.840000, 8.960000 ) }	6.909608	4026	
