m	z	S	tiempo / segundos	
2	12.320163	{ ( 1.530000, 8.090000, 9.560000 ), ( 6.750000, 0.070000, 1.800000 ) }	0.000668	
3	31.028534	{ ( 6.750000, 0.070000, 1.800000 ), ( 7.540000, 8.930000, 9.660000 ), ( 8.060000, 9.590000, 0.270000 ) }	0.001114	
4	56.790218	{ ( 6.750000, 0.070000, 1.800000 ), ( 7.540000, 8.930000, 9.660000 ), ( 8.060000, 9.590000, 0.270000 ), ( 9.990000, 4.400000, 9.760000 ) }	0.001642	
5	84.106804	{ ( 6.040000, 8.960000, 7.830000 ), ( 6.750000, 0.070000, 1.800000 ), ( 7.540000, 8.930000, 9.660000 ), ( 8.060000, 9.590000, 0.270000 ), ( 9.990000, 4.400000, 9.760000 ) }	0.002457	
