m	z	S	tiempo / segundos	
2	8.369001	{ ( 1.160000, 4.470000 ), ( 8.570000, 8.360000 ) }	0.000679	
3	17.497133	{ ( 1.160000, 4.470000 ), ( 8.570000, 8.360000 ), ( 8.780000, 7.430000 ) }	0.000183	
4	27.510872	{ ( 1.160000, 4.470000 ), ( 7.750000, 8.480000 ), ( 8.570000, 8.360000 ), ( 8.780000, 7.430000 ) }	0.000187	
5	40.891060	{ ( 1.160000, 4.470000 ), ( 6.150000, 8.590000 ), ( 7.750000, 8.480000 ), ( 8.570000, 8.360000 ), ( 8.780000, 7.430000 ) }	0.000210	
