m	z	S	tiempo / segundos	
2	11.859216	{ ( 0.580000, 1.290000 ), ( 8.650000, 9.980000 ) }	0.000528	
3	23.796438	{ ( 0.580000, 1.290000 ), ( 8.410000, 9.980000 ), ( 8.650000, 9.980000 ) }	0.000167	
4	40.046402	{ ( 0.580000, 1.290000 ), ( 8.410000, 9.980000 ), ( 8.650000, 9.980000 ), ( 9.960000, 8.170000 ) }	0.000160	
5	59.623573	{ ( 0.580000, 1.290000 ), ( 8.410000, 9.980000 ), ( 8.650000, 9.980000 ), ( 9.710000, 6.490000 ), ( 9.960000, 8.170000 ) }	0.000209	
