m	z	S	tiempo / segundos	
2	13.273240	{ ( 0.300000, 0.920000, 4.230000 ), ( 9.880000, 9.880000, 6.260000 ) }	0.000071	
3	31.868526	{ ( 1.710000, 1.950000, 9.220000 ), ( 5.170000, 1.390000, 0.910000 ), ( 9.880000, 9.880000, 6.260000 ) }	0.000108	
4	59.763760	{ ( 0.300000, 0.920000, 4.230000 ), ( 1.710000, 1.950000, 9.220000 ), ( 6.650000, 9.450000, 1.020000 ), ( 9.880000, 9.880000, 6.260000 ) }	0.000170	
5	96.085831	{ ( 0.300000, 0.920000, 4.230000 ), ( 1.150000, 9.210000, 3.110000 ), ( 1.710000, 1.950000, 9.220000 ), ( 9.470000, 3.560000, 1.830000 ), ( 9.880000, 9.880000, 6.260000 ) }	0.000244	
