m	z	S	tiempo / segundos	
2	11.859216	{ ( 0.580000, 1.290000 ), ( 8.650000, 9.980000 ) }	0.000197	
3	27.372700	{ ( 0.580000, 1.290000 ), ( 8.650000, 9.980000 ), ( 9.110000, 3.230000 ) }	0.000314	
4	49.546154	{ ( 0.160000, 4.620000 ), ( 0.580000, 1.290000 ), ( 8.650000, 9.980000 ), ( 9.960000, 8.170000 ) }	0.000446	
5	75.130432	{ ( 0.160000, 4.620000 ), ( 0.580000, 1.290000 ), ( 8.650000, 9.980000 ), ( 9.710000, 6.490000 ), ( 9.960000, 8.170000 ) }	0.000653	
