m	z	S	tiempo / segundos	
2	11.657144	{ ( 2.070000, 0.270000 ), ( 9.840000, 8.960000 ) }	0.000746	
3	23.374601	{ ( 2.070000, 0.270000 ), ( 8.400000, 7.980000 ), ( 9.840000, 8.960000 ) }	0.000225	
4	40.719143	{ ( 2.070000, 0.270000 ), ( 5.650000, 9.550000 ), ( 8.400000, 7.980000 ), ( 9.840000, 8.960000 ) }	0.000255	
5	56.713459	{ ( 2.070000, 0.270000 ), ( 5.650000, 9.550000 ), ( 7.930000, 7.110000 ), ( 8.400000, 7.980000 ), ( 9.840000, 8.960000 ) }	0.000287	
