m	z	S	tiempo / segundos	
2	8.510329	{ ( 0.630000, 5.960000 ), ( 8.670000, 3.170000 ) }	0.000393	
3	21.996086	{ ( 0.630000, 5.960000 ), ( 8.570000, 8.360000 ), ( 8.670000, 3.170000 ) }	0.000496	
4	40.002258	{ ( 1.160000, 4.470000 ), ( 3.470000, 9.430000 ), ( 8.570000, 8.360000 ), ( 8.670000, 3.170000 ) }	0.000423	
5	62.872864	{ ( 0.630000, 5.960000 ), ( 1.160000, 4.470000 ), ( 3.470000, 9.430000 ), ( 8.570000, 8.360000 ), ( 8.670000, 3.170000 ) }	0.000385	
