m	z	S	tiempo / segundos	
2	11.859216	{ ( 0.580000, 1.290000 ), ( 8.650000, 9.980000 ) }	0.000196	
3	27.372700	{ ( 0.580000, 1.290000 ), ( 8.650000, 9.980000 ), ( 9.110000, 3.230000 ) }	0.000301	
4	49.546154	{ ( 0.160000, 4.620000 ), ( 0.580000, 1.290000 ), ( 8.650000, 9.980000 ), ( 9.960000, 8.170000 ) }	0.000468	
5	76.653534	{ ( 0.580000, 1.290000 ), ( 1.590000, 1.570000 ), ( 8.410000, 9.980000 ), ( 8.650000, 9.980000 ), ( 9.110000, 3.230000 ) }	0.000651	
