m	z	S	tiempo / segundos	
2	11.657144	{ ( 2.070000, 0.270000 ), ( 9.840000, 8.960000 ) }	0.000664	
3	28.944302	{ ( 1.910000, 9.600000 ), ( 2.070000, 0.270000 ), ( 9.840000, 8.960000 ) }	0.001152	
4	52.771172	{ ( 1.910000, 9.600000 ), ( 2.070000, 0.270000 ), ( 8.000000, 1.530000 ), ( 9.840000, 8.960000 ) }	0.001664	
5	80.910240	{ ( 0.650000, 3.260000 ), ( 1.910000, 9.600000 ), ( 2.070000, 0.270000 ), ( 8.000000, 1.530000 ), ( 9.840000, 8.960000 ) }	0.002497	
