m	z	S	tiempo / segundos	
2	10.729460	{ ( 0.650000, 3.760000, 9.070000 ), ( 8.870000, 9.560000, 5.340000 ) }	0.000664	
3	28.260393	{ ( 0.650000, 3.760000, 9.070000 ), ( 8.870000, 9.560000, 5.340000 ), ( 9.600000, 2.020000, 9.000000 ) }	0.000194	
4	45.309258	{ ( 0.650000, 3.760000, 9.070000 ), ( 8.010000, 3.680000, 9.580000 ), ( 8.870000, 9.560000, 5.340000 ), ( 9.600000, 2.020000, 9.000000 ) }	0.000222	
5	74.865211	{ ( 0.650000, 3.760000, 9.070000 ), ( 6.920000, 9.540000, 4.140000 ), ( 8.010000, 3.680000, 9.580000 ), ( 8.870000, 9.560000, 5.340000 ), ( 9.600000, 2.020000, 9.000000 ) }	0.000236	
