m	z	S	tiempo / segundos	
2	13.273240	{ ( 0.300000, 0.920000, 4.230000 ), ( 9.880000, 9.880000, 6.260000 ) }	0.000204	
3	30.986698	{ ( 0.300000, 0.920000, 4.230000 ), ( 1.150000, 9.210000, 3.110000 ), ( 9.880000, 9.880000, 6.260000 ) }	0.000321	
4	56.017570	{ ( 0.300000, 0.920000, 4.230000 ), ( 1.710000, 1.950000, 9.220000 ), ( 8.670000, 9.580000, 4.390000 ), ( 9.880000, 9.880000, 6.260000 ) }	0.000466	
5	89.388428	{ ( 0.300000, 0.920000, 4.230000 ), ( 1.710000, 1.950000, 9.220000 ), ( 6.650000, 9.450000, 1.020000 ), ( 8.670000, 9.580000, 4.390000 ), ( 9.880000, 9.880000, 6.260000 ) }	0.000669	
