m	z	S	tiempo / segundos	nodos generados	
2	11.859216	{ ( 0.580000, 1.290000 ), ( 8.650000, 9.980000 ) }	0.007361	0	
3	25.726200	{ ( 0.580000, 1.290000 ), ( 8.650000, 9.980000 ), ( 9.960000, 8.170000 ) }	0.048640	0	
4	48.413929	{ ( 0.580000, 1.290000 ), ( 1.590000, 1.570000 ), ( 8.650000, 9.980000 ), ( 9.960000, 8.170000 ) }	0.371673	0	
5	73.561890	{ ( 0.580000, 1.290000 ), ( 1.590000, 1.570000 ), ( 8.410000, 9.980000 ), ( 8.650000, 9.980000 ), ( 9.960000, 8.170000 ) }	4.036349	0	
