m	z	S	tiempo / segundos	
2	11.657144	{ ( 2.070000, 0.270000 ), ( 9.840000, 8.960000 ) }	0.000644	
3	28.944302	{ ( 1.910000, 9.600000 ), ( 2.070000, 0.270000 ), ( 9.840000, 8.960000 ) }	0.001057	
4	47.994476	{ ( 0.650000, 3.260000 ), ( 2.070000, 0.270000 ), ( 5.650000, 9.550000 ), ( 9.840000, 8.960000 ) }	0.001627	
5	71.952728	{ ( 0.650000, 3.260000 ), ( 2.070000, 0.270000 ), ( 5.650000, 9.550000 ), ( 8.400000, 7.980000 ), ( 9.840000, 8.960000 ) }	0.002980	
