m	z	S	tiempo / segundos	nodos generados	
2	8.510329	{ ( 0.630000, 5.960000 ), ( 8.670000, 3.170000 ) }	0.003545	0	
3	21.996086	{ ( 0.630000, 5.960000 ), ( 8.570000, 8.360000 ), ( 8.670000, 3.170000 ) }	0.021640	0	
4	39.568230	{ ( 0.630000, 5.960000 ), ( 1.160000, 4.470000 ), ( 8.570000, 8.360000 ), ( 8.670000, 3.170000 ) }	0.094510	253	
5	61.239288	{ ( 0.630000, 5.960000 ), ( 1.160000, 4.470000 ), ( 8.570000, 8.360000 ), ( 8.670000, 3.170000 ), ( 8.780000, 7.430000 ) }	0.720798	3855	
